                  epoch,         train/box_loss,         train/cls_loss,         train/dfl_loss,   metrics/precision(B),      metrics/recall(B),       metrics/mAP50(B),    metrics/mAP50-95(B),           val/box_loss,           val/cls_loss,           val/dfl_loss,                 lr/pg0,                 lr/pg1,                 lr/pg2
                      1,                0.25763,                0.17281,                0.82589,                0.99978,                      1,                  0.995,                0.94892,                  0.359,                0.23586,                 0.8154,               0.000375,               0.000375,               0.000375
                      2,                0.34359,                0.22426,                0.87014,                0.99962,                      1,                  0.995,                0.91727,                0.41545,                0.26838,                0.84925,             0.00061153,             0.00061153,             0.00061153
                      3,                0.37001,                0.24689,                0.88481,                0.99961,                      1,                  0.995,                0.94313,                0.35736,                0.24909,                0.82475,              0.0006946,              0.0006946,              0.0006946
                      4,                0.35596,                0.23267,                0.87949,                0.99961,                      1,                  0.995,                0.94415,                0.35156,                0.24506,                0.81394,              0.0005075,              0.0005075,              0.0005075
                      5,                0.31183,                0.21886,                0.83691,                0.99973,                      1,                  0.995,                0.97215,                 0.2861,                0.20656,                0.79242,                0.00026,                0.00026,                0.00026
